insert into news (id, imgUrl, title, addTime, click, content)values(1, 'http://106.54.61.253/newsImg/01.jpg', '中国移动突然宣布：又一项业务开始收费，要开始“割韭菜”了？',
'2019-10-14 13:12:58', 1, '<p>不论你选择什么样子的手机，最终都免不了还是要屈服在运营商的手下。但是还好携号转网让运营商没有那么得意了，因为它们都面临着被用户选择的艰难时段。在运营商残酷的竞争中，移动无疑是比较强势的那一个。</p><img src="http://106.54.61.253/newsImg/011.jpg"><img><p>近几年移动的情势已经没有以前那么好了，主要是移动总是给自己的用户挖坑。各种文字游戏和高昂的费用，让用户对它印象越来越差了。而移动似乎已经破罐子破摔了，不但取消了自己原有的一个优惠项目，甚至还增加了另外一项额外的收费。</p><img src="http://106.54.61.253/newsImg/012.jpg"></img><p>移动的宽带在很长一段时间都是低价出售，或者是免费赠送的，但是移动现在却要安装费和宽带费，这样的改变无疑是让大家失望的。不但需要缴纳宽带的费用，甚至还要付给移动的工作人员安装的辛苦费。之前的优惠全部都取消了不说，还要额外增加一些收费。</p><img src="http://106.54.61.253/newsImg/013.jpg"></img><p>另外之前58元以下的套餐免费赠送宽带的优惠活动同样也取消了，200M的宽带每个月大约需要缴纳十元左右的费用。</p><p>移动这次的行为又一次伤害了用户的心，看来移动已经放弃和另外两个运营商兄弟竞争了！</p>');
insert into news (id, imgUrl, title, addTime, click, content)values(2, 'http://106.54.61.253/newsImg/02.jpg', '满大街都是手机专卖店，为什么没人买也不会倒闭？',
'2019-10-14 16:15:09', 2, '<p>早在十多年前，当我们去购物时，通常会带着钱包去商场逛一整天。有时我们甚至花费很长时间也买不到自己喜欢的东西，回到家东西也没买成，自己也身心俱疲。如今，随着互联网时代的兴起，天猫、京东、拼多多等购物APP出现在我们面前。网购逐渐渗入到我们的生活中，成为必不可少的工具。</p><img src="http://106.54.61.253/newsImg/021.jpg"><img><p>从零食到移动电脑，都可以通过网上购物来完成，对于我们来说，收快递成为了一件很开心的事情，所以很多人都更热衷于网上购物，毕竟，不仅可以节省很多时间，也节省了很多精力。此外网上购物的种类繁多，支付方式相对丰富。我们可以直接付款，也可使用花呗或信用卡进行分期付款。如果我们线下支付，支付方式可能就会比较单一。</p><p>网上购物的便捷无疑是对线下购物产生一定的冲击。但是当我们平时逛街的时候，仍然可以看到很多线下的手机商店。我们每个人都知道，开店的经营成本是非常高的，租金、水电、人力资源等支出成本占了很大一部分，想要盈利并不简单。不过似乎现在仍然有许多线下手机专卖店。他们也没怎么受到网上购物的影响。而且我们也很少看到有人在手机专卖店买手机，为什么这些手机专卖店的顾客少，却也不见其倒闭关店呢？</p><img src="http://106.54.61.253/newsImg/022.jpg"></img><p>首先，在今天的竞争环境下，手机的利润不如以前。但是现在我们基本上可以看到，一个品牌的专卖店所占的比例并不高，大部分是由不同品牌的手机联合销售。通常，手机商店会与某个运营商合作，更多的移动和联通。与哪些运营商合作，相应的运营商就会给予一定的补贴，包括租金和业绩。这些线下商店就好比这三大运营商的手机销售部门，因此，线下商店的压力要小得多。</p><p>其次，手机是一个低消费频率的产品，所以我们可以看到商店里没有很多人。但是手机销售的利润是相当可观的，尤其对一些手机品牌而。网上购物是针对较发达的城市和地区，但是一些二线、三线甚至是更落后的城市，仍然会选择去专卖店购买手机。此外，这些线下手机商店不是单纯销售手机，还有一些手机配件，例如充电宝、数据线、手机套、贴膜等，一般都是打包销售，甚至还可以办理手机套餐。，可以消费者在选择自己心仪的手机后可以立即使用，无需等待时效性也比网购会更有优势。说实话，去这种手机专卖店也是十分方便的。</p><img src="http://106.54.61.253/newsImg/023.jpg"></img><p>￼更主要的是，大部分的手机专卖店都会与运营商合作，例如我们通常在营业厅处理的手机套餐，也手机专卖店会有相应的促销。通常我们也仍然有很多人选择线下缴话费。所以，手机专卖店的总收入来源并不小。虽然这在大城市里很少见，但即使网上支付如此发达，仍有一些人不会把银行卡绑在里面。他们觉得钱在手中更安全，所以喜欢去手机专卖店交话费。</p><p>大多数消费者在选择实体店时感觉更可靠，实体店是看得见摸得着的，而且售后也方便。因此，线下实体店的存在就是一个合理的证明，它是有利润点的。</p><p>￼当然，线下手机专卖店的作用非常重要。一些年长的朋友想换手机，肯定更愿意到最近的手机商店换。专卖店的店员可以详细地给他们讲解介绍帮助他们更好的选择，有很好的体验，而且还能和店员杀杀价格得到优惠，所以他们欣然前往。您说呢？</p>');
insert into news (id, imgUrl, title, addTime, click, content)values(3, 'http://106.54.61.253/newsImg/03.jpg', '三大运营商恐成历史？广电将成为第四大运营商？',
'2019-10-14 10:56:21', 3, '<p>移动、联通、电信之后，中国广电终于扛起了第四大电信运营商的大旗。</p><img src="http://106.54.61.253/newsImg/031.jpg"></img><p>刚刚，“中国广电5G试验网建设实施方案”曝光，其中显示，广电在6月拿到5G牌照后便迅速开始行动，首批选定了16个城市，从本月起开始5G网络组建。</p><img src="http://106.54.61.253/newsImg/032.jpg"></img><p>广电此前没有4G网络，更没有一个基站，但规划建设的速度足够快。广电计划于明年6月底前，在部分城市开始5G试用，明年底前启动大规模商用。</p><p>正是因为没有4G基站，不用纠结NSA非独立组网，广电得以直接跳过这一阶段，直接开始速度更快的SA独立组网，这也意味着，在真正的5G网络建设上，广电并没有比三大运营商慢多少。</p><img src="http://106.54.61.253/newsImg/033.jpg"></img><p>同样身为国企，广电的背后还有阿里、华为、中信的支持，实力不可小觑。彻底跟三大运营商说再见，很快就能变为现实。</p><img src="http://106.54.61.253/newsImg/034.jpg"><p></p><p></p></img><img src="http://106.54.61.253/newsImg/035.jpg"><p></p><p></p></img><img src="http://106.54.61.253/newsImg/036.jpg"></img><p></p><p></p><p></p><p></p><p></p><img src="http://106.54.61.253/newsImg/037.jpg"></img><p>现在，中国广电正式进军5G移动网络，相当于向三大运营商宣战。</p><p>原先只需提防联通、电信的移动，突然发现最大的对手居然是广电，两害相权取其轻，没有任何负面的广电5G网络一旦开通，自然更受用户青睐。</p><p>本来全身心对付移动的联通、电信，也要时刻绷紧神经，稍不留神，就可能被广电超越。</p><p>不仅如此，今年一月份，英国电信成为首个拿到工信部颁发的全国性网络牌照的国际电信公司，也让三大运营商一时紧张。</p><p>实际上，不止是电信，银行、证券、教育、医疗、汽车…这一个个曾被呵护的领域都相继向全球打开。</p><p>这一切的背后，是国家向所有不思进取之人敲响的警钟：</p><p>只有充分竞争，才有危机意识，才有动力进步，吃草长大的狼，永远无法成为领军者。</p><p>这个世界上没有永远成功的企业，只有顺应时代潮流存活下来的企业。</p><p>那些还在妄想躺赚的人，当有一天被历史抛弃的时候，或许连对手是谁都看不清！</p>');
insert into news (id, imgUrl, title, addTime, click, content)values(4, 'http://106.54.61.253/newsImg/04.jpg', '把微信这两个开关关掉，手机可以释放大量内存，快去试试吧',
'2019-09-24 21:16:51', 4,'<p>现在，微信已经成为大多数人必不可少的工具，但随着使用微信的频率增多，我们手机里的内存容量也在慢慢的缩小，其中，微信就占了我们手机的一大部分内存了，特别对于内存容量较少的手机，手机会慢慢变的卡顿，运行缓慢。</p><img src="http://106.54.61.253/newsImg/041.jpg"></img><p>所以，今天分享两个小技巧，可以让手机释放大量的内存，赶紧去试试。</p><p>第一个技巧：</p><p>1、打开微信，点击【设置】</p><img src="http://106.54.61.253/newsImg/042.jpg"></img><p>2、点击设置里【通用】这项功能，进去后，点击【照片、视频和文件】</p><img src="http://106.54.61.253/newsImg/043.jpg"></img><p>3、把【照片】和【视频】的选项按钮关闭，这样在微信上浏览照片和视频，和随手拍照和拍视频给朋友的时候，就不会自动保存这些文件了；这样就可以减少微信占用手机的内存了，而且还不用花时间去删除这些照片和视频。</p><img src="http://106.54.61.253/newsImg/044.jpg"></img><p>第二个技巧：</p><p>1、和第一个技巧一样，点击【设置】，再点击【通用】，找到【微信存储空间】，点击进去，然后再点击【管理微信存储空间】。</p><img src="http://106.54.61.253/newsImg/045.jpg"></img><p>2、点击【管理当前微信账号聊天数据】，进去后，你就可以选择你认为不重要的微信联系人的聊天记录和文件；从而减少微信占你手机的内存。</p><img src="http://106.54.61.253/newsImg/046.jpg"></img><p>而且很多聊天记录都会在里面，如果想要找回聊天记录的可以去里面看看，可能会有。好了，今天就讲到这里了，路过的小伙伴们可以给我点一个赞吗。</p><img src="http://106.54.61.253/newsImg/047.jpg"></img>');
insert into newsComments (id, newsId, userName, ctime, content) values(1, 1, '张三', '2019-10-14 13:12:58', '移动4G上网是需要移动移动网速才顺畅滴。');
insert into newsComments (id, newsId, userName, ctime, content) values(2, 1, '李四', '2019-10-14 13:12:58', '移动消号采取强收费，IO月9日消号，还要收取10月全月费用，卡上每天都扣了为什么还要收到月底？霸王餐！差评移动公司！');
insert into newsComments (id, newsId, userName, ctime, content) values(3, 1, '王五', '2019-10-14 13:12:58', '移动，电信，联通都收取安装费的，不是移动一家收费。');
insert into newsComments (id, newsId, userName, ctime, content) values(4, 1, '王八', '2019-10-14 13:12:58', '关键小区新建安网物业三大运营商竞争选其一交入场费高者才能入驻！业主是没选择余地的！[捂脸][捂脸][捂脸]');
insert into newsComments (id, newsId, userName, ctime, content) values(5, 1, '赵六', '2019-10-14 13:12:58', '移动现在信号也不好了，也不实惠了');
insert into newsComments (id, newsId, userName, ctime, content) values(6, 1, '键盘侠', '2019-10-14 13:12:58', '这纯是乱说呢，我们就是做移动宽带的，早在九月份就已收到国资委的文件，三大运营商均不允许再向用户提供免费产品，初装，调测，设备费移动已是最低的了，');
insert into newsComments (id, newsId, userName, ctime, content) values(7, 1, '爷，傲视群雄', '2019-10-14 13:12:58', '问下亲们从那天起可以携号转网？');
insert into newsComments (id, newsId, userName, ctime, content) values(8, 1, '小声BB', '2019-10-14 13:12:58', '说到中国移动网络似乎口碑一直没有电信好，特别是地震洪涝灾害时，不给力啊！挖空心思剪羊毛！寒心');
insert into newsComments (id, newsId, userName, ctime, content) values(9, 1, '恨狗人士', '2019-10-14 13:12:58', '我连移动的电话卡都不想要了，每个月的话费，连他们自己都说不清楚怎么会那么高');
insert into newsComments (id, newsId, userName, ctime, content) values(10, 1, '阿伟死了', '2019-10-14 13:12:58', '联通，电信，你们的光辉时刻要来临了！只要你们比移动做的好，别坑用户！能携号入网的时候我就转网！支持你们！');
insert into newsComments (id, newsId, userName, ctime, content) values(11, 3, '张三', '2019-10-14 13:12:58', '广电不是裁判吗？怎么入场了？');
insert into newsComments (id, newsId, userName, ctime, content) values(12, 3, '李四', '2019-10-14 13:12:58', '广电？比三大运营商更坑，而且坑得更切底');
insert into newsComments (id, newsId, userName, ctime, content) values(13, 3, '王五', '2019-10-14 13:12:58', '最好是国外的运营商来中国，这样移动，电信，联通就不会牛逼了！');
insert into newsComments (id, newsId, userName, ctime, content) values(14, 3, '王八', '2019-10-14 13:12:58', '一些运营商的霸王性软件应列入霸王性条款，这些软件虽然没有白纸黑字，但隐蔽侵权与危害也存在普遍性，也更难以防范与维权，应列入法规规范。');
insert into newsComments (id, newsId, userName, ctime, content) values(15, 3, '赵六', '2019-10-14 13:12:58', '我们新楼新小区啊，已被电信、联通、移动钻的千疮百孔，这广电又要进来钻孔布线呗，下一个要来钻孔的又是哪一家？能不能有点规划？竞争是好，但钻孔放线这事有点吃不消啊？！');
insert into newsComments (id, newsId, userName, ctime, content) values(16, 3, '键盘侠', '2019-10-14 13:12:58', '什么时候能携号转网啊 移动太难用了 不知道被谁给糟蹋了 如果开始 立刻转去电信。。。');
insert into newsComments (id, newsId, userName, ctime, content) values(17, 3, '爷，傲视群雄', '2019-10-14 13:12:58', '广电的 网 只能呵呵 家里有三台电视 用广电的网 要装三台机顶盒 680一年三台总共2040网费还要另外收费 用了一年 实在用不起了 换移动了');
insert into newsComments (id, newsId, userName, ctime, content) values(18, 3, '小声BB', '2019-10-14 13:12:58', '携号转网全面开放的时候，移动的碾压之势将不服存在，有多少人是8元套餐，都是在等待携号转网开放那一天。');
insert into newsComments (id, newsId, userName, ctime, content) values(19, 3, '恨狗人士', '2019-10-14 13:12:58', '电信的合约号码，两年不能变套餐，坑死人啦');
insert into newsComments (id, newsId, userName, ctime, content) values(20, 3, '阿伟死了', '2019-10-14 13:12:58', '不管通信业怎么发展，都要看谁的信号覆盖面。移动虽然收费不正规，但是，覆盖面大的不可想象。无人区也有信号，救命稻草就是移动。');

insert into photos (id, category, imgUrl, title, content, cTime, click) values(default, 1, '["http://106.54.61.253/photos/11.jpg", "http://106.54.61.253/photos/12.jpg", "http://106.54.61.253/photos/13.jpg", "http://106.54.61.253/photos/14.jpg", "http://106.54.61.253/photos/15.jpg", "http://106.54.61.253/photos/16.jpg", "http://106.54.61.253/photos/17.jpg", "http://106.54.61.253/photos/18.jpg"]', '冬天结冰的瀑布', '瀑布在地质学上叫跌水，即河水在流经断层、凹陷等地区时垂直地从高空跌落的现象。在河流存在的时段内，瀑布是一种暂时性的特征，它最终会消失。', '2019-10-14 13:12:58', 3);
insert into photos (id, category, imgUrl, title, content, cTime, click) values(default, 1, '["http://106.54.61.253/photos/21.jpg", "http://106.54.61.253/photos/22.jpg", "http://106.54.61.253/photos/23.jpg", "http://106.54.61.253/photos/24.jpg", "http://106.54.61.253/photos/25.jpg", "http://106.54.61.253/photos/26.jpg", "http://106.54.61.253/photos/27.jpg", "http://106.54.61.253/photos/28.jpg"]', '森林小溪山间流水', ' 水从山顶上流下来，从上到下，行成一条永不停留的小溪流。', '2019-10-14 13:12:58', 3);
insert into photos (id, category, imgUrl, title, content, cTime, click) values(default, 1, '["http://106.54.61.253/photos/31.jpg", "http://106.54.61.253/photos/32.jpg", "http://106.54.61.253/photos/33.jpg", "http://106.54.61.253/photos/34.jpg", "http://106.54.61.253/photos/35.jpg", "http://106.54.61.253/photos/36.jpg", "http://106.54.61.253/photos/37.jpg", "http://106.54.61.253/photos/38.jpg"]', '汹涌的海浪', '海浪通常指海洋中由风产生的波浪。主要包括风浪、涌浪和海洋近海波。', '2019-10-14 13:12:58', 3);
insert into photos (id, category, imgUrl, title, content, cTime, click) values(default, 1, '["http://106.54.61.253/photos/41.jpg", "http://106.54.61.253/photos/42.jpg", "http://106.54.61.253/photos/43.jpg", "http://106.54.61.253/photos/44.jpg", "http://106.54.61.253/photos/45.jpg", "http://106.54.61.253/photos/46.jpg", "http://106.54.61.253/photos/47.jpg", "http://106.54.61.253/photos/48.jpg"]', '绚丽的彩虹', '彩虹，又称天弓（客家话）、天虹、绛等，简称虹，是气象中的一种光学现象，当太阳光照射到半空中的水滴，光线被折射及反射，在天空上形成拱形的七彩光谱，由外圈至内圈呈红、橙、黄、绿、蓝、靛、紫 戴 八种颜色。事实上彩虹有无数种颜色，比如，在红色和橙色之间还有许多种细微差别的颜色，但为了简便起见，所以只用七种颜色作为区别。', '2019-10-14 13:12:58', 3);
insert into photos (id, category, imgUrl, title, content, cTime, click) values(default, 2, '["http://106.54.61.253/photos/51.jpg", "http://106.54.61.253/photos/52.jpg", "http://106.54.61.253/photos/53.jpg", "http://106.54.61.253/photos/54.jpg", "http://106.54.61.253/photos/55.jpg", "http://106.54.61.253/photos/56.jpg", "http://106.54.61.253/photos/57.jpg", "http://106.54.61.253/photos/58.jpg"]', '英国伦敦泰晤士河周边景观', '泰晤士河（River Thames）是英国著名的“母亲”河。也称泰姆河，发源于英格兰西南部的科茨沃尔德希尔斯，全长346公里，横贯英国首都伦敦与沿河的10多座城市，流域面积13000平方公里，在伦敦下游河面变宽，形成一个宽度为29公里的河口，注入北海。', '2019-10-14 13:12:58', 3);
insert into photos (id, category, imgUrl, title, content, cTime, click) values(default, 2, '["http://106.54.61.253/photos/61.jpg", "http://106.54.61.253/photos/62.jpg", "http://106.54.61.253/photos/63.jpg", "http://106.54.61.253/photos/64.jpg", "http://106.54.61.253/photos/65.jpg", "http://106.54.61.253/photos/66.jpg", "http://106.54.61.253/photos/67.jpg", "http://106.54.61.253/photos/68.jpg"]', '美国纪念碑谷风景', ' 纪念碑谷（英语：Monument Valley，纳瓦荷语：Tsé Bii Ndzisgaii，岩石峡谷之意），是在科罗拉多高原一个由砂岩形成的巨型孤峰群区域，其中最大的孤峰高于谷底约300米。', '2019-10-14 13:12:58', 3);
insert into photos (id, category, imgUrl, title, content, cTime, click) values(default, 2, '["http://106.54.61.253/photos/71.jpg", "http://106.54.61.253/photos/72.jpg", "http://106.54.61.253/photos/73.jpg", "http://106.54.61.253/photos/74.jpg", "http://106.54.61.253/photos/75.jpg", "http://106.54.61.253/photos/76.jpg", "http://106.54.61.253/photos/77.jpg", "http://106.54.61.253/photos/78.jpg"]', '美国亚利桑纳州羚羊峡谷', '羚羊峡谷是世界上著名的狭缝型峡谷之一，也是著名的摄影景点，位于美国亚利桑纳州北方，最靠近的城市为佩吉市，属于纳瓦荷原住民保护区。', '2019-10-14 13:12:58', 3);
insert into photos (id, category, imgUrl, title, content, cTime, click) values(default, 2, '["http://106.54.61.253/photos/81.jpg", "http://106.54.61.253/photos/82.jpg", "http://106.54.61.253/photos/83.jpg", "http://106.54.61.253/photos/84.jpg", "http://106.54.61.253/photos/85.jpg", "http://106.54.61.253/photos/86.jpg", "http://106.54.61.253/photos/87.jpg", "http://106.54.61.253/photos/88.jpg"]', '日本乡下的房子', '人类居住、从事社会活动或供其他用途的建筑物。它是人类最基本的生活资料；电视剧剧名。', '2019-10-14 13:12:58', 3);
insert into photos (id, category, imgUrl, title, content, cTime, click) values(default, 3, '["http://106.54.61.253/photos/91.jpg", "http://106.54.61.253/photos/92.jpg", "http://106.54.61.253/photos/93.jpg", "http://106.54.61.253/photos/94.jpg", "http://106.54.61.253/photos/95.jpg", "http://106.54.61.253/photos/96.jpg", "http://106.54.61.253/photos/97.jpg", "http://106.54.61.253/photos/98.jpg"]', '水族馆里可爱的企鹅', '企鹅（学名：Spheniscidae）：有“海洋之舟”美称的企鹅是一种最古老的游禽，它们很可能在地球穿上冰甲之前，就已经在南极安家落户。', '2019-10-14 13:12:58', 3);
insert into photos (id, category, imgUrl, title, content, cTime, click) values(default, 3, '["http://106.54.61.253/photos/101.jpg", "http://106.54.61.253/photos/102.jpg", "http://106.54.61.253/photos/103.jpg", "http://106.54.61.253/photos/104.jpg", "http://106.54.61.253/photos/105.jpg", "http://106.54.61.253/photos/106.jpg", "http://106.54.61.253/photos/107.jpg", "http://106.54.61.253/photos/108.jpg"]', '动物园里的母狮子', ' 狮子（学名：Panthera leo；英文名：Lion）：简称狮，中国古称狻猊。是一种生存在非洲与亚洲的大型猫科动物，是现存平均体重最大的猫科动物，也是在世界上唯一一种雌雄两态的猫科动物。', '2019-10-14 13:12:58', 3);
insert into photos (id, category, imgUrl, title, content, cTime, click) values(default, 3, '["http://106.54.61.253/photos/111.jpg", "http://106.54.61.253/photos/112.jpg", "http://106.54.61.253/photos/113.jpg", "http://106.54.61.253/photos/114.jpg", "http://106.54.61.253/photos/115.jpg", "http://106.54.61.253/photos/116.jpg", "http://106.54.61.253/photos/117.jpg", "http://106.54.61.253/photos/118.jpg"]', '可爱呆萌的松鼠', '松鼠，是哺乳纲啮齿目中的一个科，其下包括松鼠亚科和非洲地松鼠亚科，特征是长着毛茸茸的长尾巴、匀称灵活的身体。根据生活环境不同，松鼠科分为树松鼠、地松鼠和石松鼠等。与其他亲缘关系接近的动物又被合称为松鼠形亚目。全世界近35属212种，中国有11属24种，其中岩松鼠和侧纹岩松鼠2种是中国特有动物。', '2019-10-14 13:12:58', 3);
insert into photos (id, category, imgUrl, title, content, cTime, click) values(default, 3, '["http://106.54.61.253/photos/121.jpg", "http://106.54.61.253/photos/122.jpg", "http://106.54.61.253/photos/123.jpg", "http://106.54.61.253/photos/124.jpg", "http://106.54.61.253/photos/125.jpg", "http://106.54.61.253/photos/126.jpg", "http://106.54.61.253/photos/127.jpg", "http://106.54.61.253/photos/128.jpg"]', '鳄鱼头部的特写', '松鼠，是哺乳纲啮齿目中的一个科，其下包括松鼠亚科和非洲地松鼠亚科，特征是长着毛茸茸的长尾巴、匀称灵活的身体。根据生活环境不同，松鼠科分为树松鼠、地松鼠和石松鼠等。与其他亲缘关系接近的动物又被合称为松鼠形亚目。全世界近35属212种，中国有11属24种，其中岩松鼠和侧纹岩松鼠2种是中国特有动物。', '2019-10-14 13:12:58', 3);
insert into photos (id, category, imgUrl, title, content, cTime, click) values(default, 4, '["http://106.54.61.253/photos/131.jpg", "http://106.54.61.253/photos/132.jpg", "http://106.54.61.253/photos/133.jpg", "http://106.54.61.253/photos/134.jpg", "http://106.54.61.253/photos/135.jpg", "http://106.54.61.253/photos/136.jpg", "http://106.54.61.253/photos/137.jpg", "http://106.54.61.253/photos/138.jpg"]', '欧洲夹竹桃', '欧洲夹竹桃是重要的夏季观花树种,适合于建筑物周围、公园、绿地、路旁、池畔孤植或丛植,开花时满树花朵,次第开放,热闹非凡。', '2019-10-14 13:12:58', 3);
insert into photos (id, category, imgUrl, title, content, cTime, click) values(default, 4, '["http://106.54.61.253/photos/141.jpg", "http://106.54.61.253/photos/142.jpg", "http://106.54.61.253/photos/143.jpg", "http://106.54.61.253/photos/144.jpg", "http://106.54.61.253/photos/145.jpg", "http://106.54.61.253/photos/146.jpg", "http://106.54.61.253/photos/147.jpg", "http://106.54.61.253/photos/148.jpg"]', '栀子', '栀子，别名黄栀子、山栀、白蟾，是茜草科植物栀子的果实。具有护肝、利胆、降压、镇静、止血、消肿等作用，在中医临床常用于治疗黄疸型肝炎、扭挫伤 、高血压、糖尿病等症。', '2019-10-14 13:12:58', 3);
insert into photos (id, category, imgUrl, title, content, cTime, click) values(default, 4, '["http://106.54.61.253/photos/151.jpg", "http://106.54.61.253/photos/152.jpg", "http://106.54.61.253/photos/153.jpg", "http://106.54.61.253/photos/154.jpg", "http://106.54.61.253/photos/155.jpg", "http://106.54.61.253/photos/156.jpg", "http://106.54.61.253/photos/157.jpg", "http://106.54.61.253/photos/158.jpg"]', '垂枝红千层', '垂枝红千层属阳性树种，喜温暖、湿润气候，能耐烈日酷暑，原产澳大利亚。叶披针形，似罗汉松叶终年不凋，四季常青。', '2019-10-14 13:12:58', 3);
insert into photos (id, category, imgUrl, title, content, cTime, click) values(default, 4, '["http://106.54.61.253/photos/161.jpg", "http://106.54.61.253/photos/162.jpg", "http://106.54.61.253/photos/163.jpg", "http://106.54.61.253/photos/164.jpg", "http://106.54.61.253/photos/165.jpg", "http://106.54.61.253/photos/166.jpg", "http://106.54.61.253/photos/167.jpg", "http://106.54.61.253/photos/168.jpg"]', '火棘果', '火棘果也是一种中药，可以用来止血，消积食，可以用来治疗肠炎或者是消化方面的问题。而且它对于女性在生产后的腹痛也很有显著的作用。', '2019-10-14 13:12:58', 3);
insert into photos (id, category, imgUrl, title, content, cTime, click) values(default, 5, '["http://106.54.61.253/photos/171.jpg", "http://106.54.61.253/photos/172.jpg", "http://106.54.61.253/photos/173.jpg", "http://106.54.61.253/photos/174.jpg", "http://106.54.61.253/photos/175.jpg", "http://106.54.61.253/photos/176.jpg", "http://106.54.61.253/photos/177.jpg", "http://106.54.61.253/photos/178.jpg"]', '沙滩上的贝壳', '贝壳有的象一座小塔，高高的，底下大，上头尖，有的象块乌龟壳，中间高，两边低，上面还有一条条花纹;有的像孔雀的尾巴。颜色有白的、黄的、褐色的、紫色的。把它们放在一起，看上去漂亮极了。', '2019-10-14 13:12:58', 3);
insert into photos (id, category, imgUrl, title, content, cTime, click) values(default, 5, '["http://106.54.61.253/photos/181.jpg", "http://106.54.61.253/photos/182.jpg", "http://106.54.61.253/photos/183.jpg", "http://106.54.61.253/photos/184.jpg", "http://106.54.61.253/photos/185.jpg", "http://106.54.61.253/photos/186.jpg", "http://106.54.61.253/photos/187.jpg", "http://106.54.61.253/photos/188.jpg"]', '好看的金鱼', '金鱼起源于中国，也称“金鲫鱼”，近似鲤鱼（Cyprinus carpio）但它没有口须，是由鲫鱼进化而成的观赏鱼类。金鱼的品种很多，颜色有红、橙、紫、蓝、墨、银白、五花等，分为文种、草种、龙种、蛋种四大品系。在12世纪已开始金鱼家化的遗传研究，经过长时间培育，品种不断优化，现在世界各国的金鱼都是直接或间接由中国引种的。', '2019-10-14 13:12:58', 3);
insert into photos (id, category, imgUrl, title, content, cTime, click) values(default, 5, '["http://106.54.61.253/photos/191.jpg", "http://106.54.61.253/photos/192.jpg", "http://106.54.61.253/photos/193.jpg", "http://106.54.61.253/photos/194.jpg", "http://106.54.61.253/photos/195.jpg", "http://106.54.61.253/photos/196.jpg", "http://106.54.61.253/photos/197.jpg", "http://106.54.61.253/photos/198.jpg"]', '海底的海蜇', ' 海蜇（seajelly,or jellyfish, nettlefish）hǎi zhé ㄏㄞˇ ㄓㄜˊ(Rhopilema esculenta Kishinouye) 。伞部隆起呈馒头状，直径达五十厘米，最大可达约一米五，胶质较坚硬，通常青蓝色。触手乳白色。口腕八枚，缺裂成许多瓣片。广布于我国南北各海中。可供食用，并可入药。', '2019-10-14 13:12:58', 3);
insert into photos (id, category, imgUrl, title, content, cTime, click) values(default, 5, '["http://106.54.61.253/photos/201.jpg", "http://106.54.61.253/photos/202.jpg", "http://106.54.61.253/photos/203.jpg", "http://106.54.61.253/photos/204.jpg", "http://106.54.61.253/photos/205.jpg", "http://106.54.61.253/photos/206.jpg", "http://106.54.61.253/photos/207.jpg", "http://106.54.61.253/photos/208.jpg"]', '深海里的珊瑚和珊瑚礁', '珊瑚礁是石珊瑚目的动物形成的一种结构，这个结构可以大到影响其周围环境的物理和生态条件。在深海和浅海中均有珊瑚礁存在，它们是成千上万的由碳酸钙组成的珊瑚虫的骨骼在数百年至数千年的生长过程中形成的。', '2019-10-14 13:12:58', 3);
insert into photos (id, category, imgUrl, title, content, cTime, click) values(default, 6, '["http://106.54.61.253/photos/211.jpg", "http://106.54.61.253/photos/212.jpg", "http://106.54.61.253/photos/213.jpg", "http://106.54.61.253/photos/214.jpg", "http://106.54.61.253/photos/215.jpg", "http://106.54.61.253/photos/216.jpg", "http://106.54.61.253/photos/217.jpg", "http://106.54.61.253/photos/218.jpg"]', '头戴花环的小女孩', '头戴花环的小女孩肌肤瓷白，眼睛深邃有神，嘴唇轮廓分明，有古典油画的神韵。', '2019-10-14 13:12:58', 3);
insert into photos (id, category, imgUrl, title, content, cTime, click) values(default, 6, '["http://106.54.61.253/photos/221.jpg", "http://106.54.61.253/photos/222.jpg", "http://106.54.61.253/photos/223.jpg", "http://106.54.61.253/photos/224.jpg", "http://106.54.61.253/photos/225.jpg", "http://106.54.61.253/photos/226.jpg", "http://106.54.61.253/photos/227.jpg", "http://106.54.61.253/photos/228.jpg"]', '阳光下的美女', '春暖花开的季节里，随处可见适合拍摄写真的美景，光线迷人，花朵芬芳，衬得美女格外美丽。', '2019-10-14 13:12:58', 3);
insert into photos (id, category, imgUrl, title, content, cTime, click) values(default, 6, '["http://106.54.61.253/photos/231.jpg", "http://106.54.61.253/photos/232.jpg", "http://106.54.61.253/photos/233.jpg", "http://106.54.61.253/photos/234.jpg", "http://106.54.61.253/photos/235.jpg", "http://106.54.61.253/photos/236.jpg", "http://106.54.61.253/photos/237.jpg", "http://106.54.61.253/photos/238.jpg"]', '正在钓鱼的男子', '钓鱼是捕捉鱼类的一种方法。钓鱼的主要工具有钓杆，鱼饵。钓杆一般由竹子或塑料轻而有力的杆状物质制成，钓杆和鱼饵用丝线联接。', '2019-10-14 13:12:58', 3);
insert into photos (id, category, imgUrl, title, content, cTime, click) values(default, 6, '["http://106.54.61.253/photos/241.jpg", "http://106.54.61.253/photos/242.jpg", "http://106.54.61.253/photos/243.jpg", "http://106.54.61.253/photos/244.jpg", "http://106.54.61.253/photos/245.jpg", "http://106.54.61.253/photos/246.jpg", "http://106.54.61.253/photos/247.jpg", "http://106.54.61.253/photos/248.jpg"]', '练习芭蕾舞的外国美女', '芭蕾舞（意大利语：balletto；法语、英语：ballet），是一种欧洲古典舞蹈，孕育于意大利文艺复兴时期，十七世纪后半叶开始在法国发展流行并逐渐职业化，在不断革新中风靡世界。', '2019-10-14 13:12:58', 3);

insert into goods (id, imgs, title, marketPrice, sellPrice, stock, goodsNo, addTime, desc) values(default, '["http://106.54.61.253/goods/11.jpg", "http://106.54.61.253/goods/12.jpg", "http://106.54.61.253/goods/13.jpg", "http://106.54.61.253/goods/14.jpg", "http://106.54.61.253/goods/15.jpg"]', '卡帝乐鳄鱼 CARTELO 低帮系带百搭英伦潮流户外透气防滑驾车运动休闲男鞋 KDL819 黑色 42', 138.00, 133.00, 60, 123, '2019-10-14 13:12:58', '<img src="http://106.54.61.253/goodsDesc/1.jpg"><img src="http://106.54.61.253/goodsDesc/2.jpg"><img src="http://106.54.61.253/goodsDesc/3.jpg">');
insert into goods (id, imgs, title, marketPrice, sellPrice, stock, goodsNo, addTime, desc) values(default, '["http://106.54.61.253/goods/11.jpg", "http://106.54.61.253/goods/12.jpg", "http://106.54.61.253/goods/13.jpg", "http://106.54.61.253/goods/14.jpg", "http://106.54.61.253/goods/15.jpg"]', '卡帝乐鳄鱼 CARTELO 低帮系带百搭英伦潮流户外透气防滑驾车运动休闲男鞋 KDL819 黑色 42', 138.00, 133.00, 60, 456, '2019-10-14 13:12:58', '<img src="http://106.54.61.253/goodsDesc/1.jpg"><img src="http://106.54.61.253/goodsDesc/2.jpg"><img src="http://106.54.61.253/goodsDesc/3.jpg">');
insert into goods (id, imgs, title, marketPrice, sellPrice, stock, goodsNo, addTime, desc) values(default, '["http://106.54.61.253/goods/11.jpg", "http://106.54.61.253/goods/12.jpg", "http://106.54.61.253/goods/13.jpg", "http://106.54.61.253/goods/14.jpg", "http://106.54.61.253/goods/15.jpg"]', '卡帝乐鳄鱼 CARTELO 低帮系带百搭英伦潮流户外透气防滑驾车运动休闲男鞋 KDL819 黑色 42', 138.00, 133.00, 60, 789, '2019-10-14 13:12:58', '<img src="http://106.54.61.253/goodsDesc/1.jpg"><img src="http://106.54.61.253/goodsDesc/2.jpg"><img src="http://106.54.61.253/goodsDesc/3.jpg">');
insert into goods (id, imgs, title, marketPrice, sellPrice, stock, goodsNo, addTime, desc) values(default, '["http://106.54.61.253/goods/11.jpg", "http://106.54.61.253/goods/12.jpg", "http://106.54.61.253/goods/13.jpg", "http://106.54.61.253/goods/14.jpg", "http://106.54.61.253/goods/15.jpg"]', '卡帝乐鳄鱼 CARTELO 低帮系带百搭英伦潮流户外透气防滑驾车运动休闲男鞋 KDL819 黑色 42', 138.00, 133.00, 60, 111, '2019-10-14 13:12:58', '<img src="http://106.54.61.253/goodsDesc/1.jpg"><img src="http://106.54.61.253/goodsDesc/2.jpg"><img src="http://106.54.61.253/goodsDesc/3.jpg">');
insert into goods (id, imgs, title, marketPrice, sellPrice, stock, goodsNo, addTime, desc) values(default, '["http://106.54.61.253/goods/11.jpg", "http://106.54.61.253/goods/12.jpg", "http://106.54.61.253/goods/13.jpg", "http://106.54.61.253/goods/14.jpg", "http://106.54.61.253/goods/15.jpg"]', '卡帝乐鳄鱼 CARTELO 低帮系带百搭英伦潮流户外透气防滑驾车运动休闲男鞋 KDL819 黑色 42', 138.00, 133.00, 60, 333, '2019-10-14 13:12:58', '<img src="http://106.54.61.253/goodsDesc/1.jpg"><img src="http://106.54.61.253/goodsDesc/2.jpg"><img src="http://106.54.61.253/goodsDesc/3.jpg">');